x;Mujer;Hombre
2010;1.51796947650566;1.79147749029047
2011;2.29415221112332;2.78082926704647
2012;2.93758085765492;3.43726632879541
2013;3.58266253869969;4.32445820433437
2014;3.6190500150951;4.47821274026366
