x;Mujer;Hombre
Ninguno;45.1205635329179;48.4568764568765
Primaria;44.6264914404288;46.715353973024
Básico;31.90600037154;35.0307978799599
DIversificado;19.4438603868797;23.9785533435933
Universitario;7.26451164407369;10.3370786516854
Postgrado;10.7142857142857;4.76190476190476
Ignorado;23.9547372458765;23.7939493049877
