x;Mujer;Hombre
2010;33.9915759531754;29.0916798862207
2011;31.869044273561;24.8920624377283
2012;29.8944844693957;20.8764079617343
2013;21.353560371517;12.6526315789474
2014;23.2150045285297;13.4912448425078
