x;Hombre;Mujer
Ninguno;19.0777489901;20.0250674985
Primaria;43.4026357711;35.8176857798
B\'asico;13.9088653383;12.6251136755
Diversificado;17.5490917401;20.6035989766
Superior;5.5056065329;10.4472569466
Postgrado;0.5560516276;0.4812771231
