x;Hombres;Mujeres
15-19;5.3122087605;5.8100411386
20-24;38.0888083305;39.5700222689
25-29;25.6510923087;25.893705731
30-34;12.9257142018;11.8011474398
35-39;6.9427831307;6.2519511332
40-44;3.9333387148;3.760050504
45-49;2.6315210133;2.5057753543
50-54;1.8287089696;1.8259138241
55-59;1.1888075966;1.1918388867
Mayor a  59;1.4970169735;1.3895537195
