x;Hombre;Mujer
Ninguno;12.4750140946133;19.4177152726376
Preprimaria;4.03874737327661;3.92301998519615
Primaria;48.1215724463123;41.574142610412
Básicos;15.5502024499001;10.0912904021712
Diversificado;12.5570191174209;7.20453984702689
Superior;1.41971195735739;0.616827041697508
Ignorado;5.83773256111937;17.1724648408586
